cid,MW
85,162.209
119,103.121
137,131.13099999999997
143,473.44600000000025
146,459.46300000000025
158,352.47100000000006
159,352.471
160,354.487
175,59.044
187,146.21
191,267.245
206,180.156
214,354.487
222,17.031
232,174.20399999999998
244,108.13999999999996
247,117.14799999999998
271,40.078
297,16.043
298,323.13200000000006
303,408.5790000000002
305,104.173
311,192.123
312,35.453
338,138.122
401,102.093
444,239.746
450,272.388
453,182.172
564,131.17499999999998
581,163.198
596,243.219
598,142.201
612,90.078
679,78.13600000000001
681,153.181
698,270.37199999999996
699,350.43600000000004
700,61.084
727,290.832
738,146.146
750,75.06700000000001
753,92.09399999999998
767,62.02400000000001
772,1134.934000000001
774,111.148
785,110.11199999999997
813,39.098
815,484.50300000000016
838,183.207
853,776.872
861,650.9760000000001
888,24.305
896,232.283
923,22.99
937,122.10299999999997
942,162.23600000000002
946,46.005
948,44.013
951,169.18
961,17.007
1003,96.986
1046,123.115
1054,169.17999999999998
1065,324.4240000000001
1071,286.45900000000006
1084,112.131
1125,241.25100000000003
1130,265.36199999999997
1134,242.231
1206,149.23699999999997
1301,252.245
1546,285.691
1690,544.5330000000004
1727,94.117
1775,252.273
1798,237.286
1805,244.207
1875,474.5500000000003
1971,286.33900000000006
1972,924.091000000001
1978,336.4320000000001
1983,151.165
1986,222.251
1990,75.067
1993,160.23699999999997
2019,1255.4379999999985
2021,332.353
2022,225.208
2082,265.338
2083,239.315
2085,521.0500000000003
2088,249.096
2092,389.4560000000002
2094,136.114
2099,294.35800000000006
2118,308.772
2123,210.285
2130,151.253
2133,502.5790000000003
2140,613.9150000000001
2141,214.227
2142,585.6080000000003
2145,232.283
2148,194.18999999999997
2153,180.167
2156,646.3270000000002
2159,369.48700000000014
2160,277.411
2161,298.298
2162,408.88200000000035
2163,225.26799999999992
2168,317.51700000000005
2170,313.788
2171,365.4110000000001
2173,348.4040000000001
2182,256.092
2215,267.328
2216,245.11299999999997
2249,266.34099999999995
2265,277.26900000000006
2284,213.66399999999996
2311,424.49700000000024
2315,421.4220000000001
2337,165.19199999999998
2341,239.36199999999997
2344,307.437
2345,212.248
2349,334.39700000000005
2350,388.8950000000002
2351,366.5490000000002
2366,136.19799999999995
2367,472.44600000000014
2369,307.434
2370,161.22499999999997
2375,430.3790000000001
2391,361.3970000000001
2405,325.449
2431,243.168
2435,292.14
2441,316.158
2442,376.1360000000002
2443,654.6060000000002
2462,430.5410000000002
2471,364.42300000000006
2474,288.43500000000006
2476,467.65000000000026
2477,385.5120000000001
2478,246.306
2479,212.24899999999997
2484,317.476
2487,327.46799999999996
2512,451.61500000000024
2519,194.194
2520,454.6110000000003
2522,412.61400000000015
2524,416.6460000000002
2540,610.6709999999999
2541,440.46300000000014
2547,668.7169999999995
2548,305.41800000000006
2550,217.28999999999996
2551,147.19799999999998
2554,236.27399999999997
2559,376.39000000000016
2563,226.232
2564,290.794
2576,260.334
2578,214.05199999999996
2583,292.37899999999996
2585,406.482
2609,367.8140000000001
2610,363.3950000000001
2617,453.51100000000025
2622,480.57200000000023
2631,454.46600000000024
2637,426.4520000000001
2646,389.4330000000001
2650,546.5870000000002
2654,410.4330000000001
2655,383.4110000000001
2656,552.5760000000002
2658,423.38300000000027
2662,381.3790000000001
2663,379.50100000000015
2666,347.39600000000013
2675,453.45800000000014
2676,459.5580000000001
2678,388.8950000000001
2684,199.31899999999996
2708,304.217
2712,299.761
2713,505.4580000000001
2719,319.88
2720,295.729
2725,274.795
2726,318.87300000000005
2727,276.745
2732,338.77200000000005
2733,169.56699999999998
2749,207.2729999999999
2751,417.5060000000003
2754,369.4690000000001
2756,252.347
2762,262.22099999999995
2764,331.34700000000004
2767,298.03
2771,324.399
2781,343.8980000000002
2786,424.9910000000001
2789,300.745
2791,466.9770000000002
2792,478.98800000000017
2794,473.40700000000015
2800,405.9690000000001
2801,314.86
2802,315.716
2803,230.098
2806,321.829
2809,314.72800000000007
2812,344.845
2818,326.831
2826,303.35800000000006
2828,299.37
2833,399.44300000000015
2881,466.3540000000002
2883,203.28499999999997
2891,1356.3959999999993
2895,275.39500000000004
2905,291.3910000000001
2907,261.08899999999994
2909,1202.6349999999982
2913,287.4060000000001
2914,416.9450000000002
2949,337.4630000000001
2951,313.2490000000001
2955,248.307
2958,527.5260000000003
2972,139.154
2973,560.6930000000007
2978,314.46900000000005
2995,266.388
3000,376.4680000000002
3003,392.4670000000001
3007,135.20999999999995
3008,271.40400000000005
3009,182.17
3015,374.9080000000002
3016,284.74600000000004
3019,230.676
3032,295.145
3038,305.16400000000004
3040,469.3260000000002
3042,309.4940000000001
3043,236.231
3053,393.34900000000016
3056,494.5310000000003
3059,250.19999999999996
3060,508.5580000000003
3062,780.9490000000003
3063,301.3860000000001
3066,583.689
3075,415.5350000000002
3080,124.22999999999996
3100,255.361
3105,351.44300000000015
3108,504.6360000000005
3114,339.4830000000002
3117,296.5520000000001
3121,144.214
3125,195.21799999999996
3143,807.8900000000004
3148,324.38000000000005
3151,425.92000000000024
3152,379.50000000000006
3154,324.44900000000007
3155,295.451
3156,378.5160000000003
3157,451.4830000000002
3158,279.383
3168,379.43500000000006
3171,213.189
3182,254.246
3198,381.68999999999994
3199,761.8500000000004
3202,166.244
3203,315.67799999999994
3209,302.458
3219,302.4220000000001
3222,376.45300000000026
3226,184.491
3241,249.317
3249,396.65900000000016
3250,325.4120000000001
3251,581.673
3255,733.9370000000002
3256,862.064
3261,294.745
3263,396.5710000000002
3267,356.50600000000003
3268,520.3900000000003
3269,288.387
3278,303.14099999999996
3279,204.314
3291,141.17
3292,204.229
3305,206.027
3308,287.3589999999999
3310,588.5620000000005
3324,321.33700000000016
3325,337.4560000000001
3331,238.2429999999999
3333,384.2590000000001
3339,360.837
3340,306.769
3342,242.274
3345,336.479
3348,501.6670000000001
3350,372.5530000000001
3354,391.4670000000002
3355,415.354
3363,246.194
3364,453.8790000000002
3365,306.276
3366,129.094
3367,285.23500000000007
3368,365.21400000000006
3370,422.49300000000017
3372,437.5310000000002
3373,303.29300000000006
3375,410.4570000000001
3379,434.5040000000002
3380,313.288
3381,452.4940000000002
3382,494.53100000000023
3384,376.4680000000001
3385,130.07799999999995
3386,309.33099999999996
3387,336.447
3388,591.7840000000004
3392,436.5200000000002
3393,387.886
3394,244.265
3397,276.21399999999994
3399,500.5790000000002
3403,411.473
3404,318.339
3405,441.40400000000017
3406,82.106
3410,344.411
3414,122.98
3417,138.059
3419,562.664
3425,540.7080000000002
3440,330.749
3443,516.7190000000004
3446,171.23999999999998
3449,287.359
3454,255.234
3461,263.2
3462,394.55200000000013
3463,250.3379999999999
3467,477.60300000000024
3475,323.4180000000002
3476,490.62600000000026
3478,445.54500000000024
3488,494.01300000000026
3494,318.43699999999995
3510,312.41700000000003
3512,352.77000000000004
3516,198.21799999999996
3517,231.08599999999996
3519,246.097
3520,59.072
3553,454.9660000000002
3559,375.871
3598,406.9069999999999
3623,275.348
3636,360.4740000000001
3637,160.18
3639,297.745
3640,362.46600000000007
3642,432.55700000000024
3647,331.29699999999997
3648,285.3430000000001
3652,335.8790000000001
3657,76.05499999999999
3658,374.912
3661,289.375
3672,206.28499999999997
3675,136.19799999999998
3676,234.343
3685,497.5000000000002
3687,354.1
3690,261.08899999999994
3696,280.415
3702,365.842
3706,613.803
3715,357.7930000000002
3724,1550.1880000000006
3730,821.1410000000001
3734,777.0880000000001
3736,791.1149999999999
3737,613.9150000000001
3738,1626.2390000000005
3739,1139.7640000000004
3741,807.1140000000001
3742,1268.8830000000005
3743,791.115
3746,332.464
3749,428.5400000000001
3750,586.689
3759,231.255
3763,184.491
3767,137.14199999999997
3777,424.62200000000024
3779,211.261
3780,236.13599999999997
3783,301.386
3784,371.39300000000014
3793,705.6470000000003
3821,237.73
3823,531.4400000000003
3825,254.285
3826,255.273
3827,309.4340000000001
3830,215.21600000000004
3848,166.176
3869,328.41200000000003
3872,342.297
3877,229.261
3878,256.096
3883,369.36800000000005
3890,432.60100000000017
3899,270.21
3902,285.31
3911,1209.4210000000005
3914,291.391
3915,420.52800000000025
3916,328.48100000000005
3918,257.377
3928,406.5450000000002
3929,337.35100000000017
3937,405.49500000000006
3938,338.4550000000001
3939,23.948
3948,351.35300000000007
3950,233.699
3954,478.0560000000001
3957,382.8910000000001
3958,321.163
3961,422.9200000000001
3962,404.54700000000025
3964,327.81500000000005
3998,186.236
4004,330.36400000000003
4011,277.41100000000006
4030,295.298
4031,429.55700000000024
4032,167.296
4033,156.056
4034,390.9580000000001
4036,295.145
4042,386.5320000000002
4043,344.49500000000006
4044,241.29
4046,378.316
4048,384.5160000000002
4051,373.39100000000013
4053,305.2049999999999
4054,179.307
4057,340.44300000000004
4058,247.338
4060,218.256
4062,246.35399999999993
4064,218.25299999999996
4075,153.137
4086,211.261
4091,129.167
4095,309.45300000000003
4101,140.19
4107,241.2429999999999
4112,454.44700000000023
4114,216.192
4120,318.393
4121,360.244
4138,211.217
4139,284.40799999999996
4140,339.4390000000001
4158,233.31100000000004
4159,374.47700000000015
4160,302.45799999999997
4163,353.4660000000001
4168,299.802
4170,365.8420000000001
4171,267.36899999999997
4173,171.15599999999998
4174,226.279
4178,179.26299999999995
4184,264.372
4189,416.135
4192,325.774
4195,254.28599999999997
4196,429.60400000000016
4197,211.224
4201,209.253
4205,265.35999999999996
4211,320.04599999999994
4212,444.4880000000002
4235,268.744
4236,273.35699999999997
4240,521.4370000000001
4248,586.1970000000003
4253,285.343
4259,401.43800000000016
4264,500.6290000000006
4271,433.5010000000003
4272,320.341
4274,382.4620000000002
4409,228.291
4411,309.40600000000006
4419,357.45000000000005
4421,232.239
4422,339.4350000000001
4425,327.37999999999994
4428,341.407
4432,428.65700000000027
4436,210.28
4440,335.47300000000024
4443,317.4290000000001
4449,470.0170000000003
4450,253.345
4451,567.7960000000004
4454,614.6500000000002
4456,223.29599999999996
4463,266.30400000000003
4473,480.54100000000017
4485,346.3390000000001
4493,317.223
4497,418.44600000000025
4499,388.4200000000002
4506,281.271
4509,238.159
4510,227.08499999999995
4513,331.4670000000001
4536,298.42600000000004
4539,319.336
4542,312.45300000000003
4543,263.38399999999996
4547,452.5950000000003
4568,926.107000000001
4583,361.3730000000001
4585,312.44200000000006
4594,345.42400000000004
4595,293.37
4599,495.7450000000004
4601,269.388
4603,312.4100000000001
4607,400.4360000000002
4609,397.288
4614,293.32199999999995
4616,286.718
4623,429.134
4631,265.35299999999995
4634,357.494
4635,315.369
4638,332.48400000000004
4639,301.342
4649,153.137
4666,853.9180000000003
4673,279.03299999999996
4675,572.8750000000002
4678,205.25399999999996
4679,383.3760000000001
4680,339.39100000000013
4689,615.6340000000002
4691,329.37100000000004
4695,545.7030000000003
4724,291.43500000000006
4725,253.262
4727,149.215
4730,349.3880000000001
4735,340.42699999999996
4736,285.431
4737,226.276
4739,268.273
4740,278.31200000000007
4745,314.49800000000005
4746,277.496
4747,365.50200000000007
4748,403.9790000000002
4756,213.244
4763,232.239
4768,303.83299999999997
4771,149.23699999999997
4775,164.20399999999998
4782,167.208
4786,151.20899999999995
4810,241.682
4811,275.35200000000003
4812,450.70700000000033
4819,208.261
4828,248.326
4829,356.44700000000006
4834,516.5560000000003
4845,240.303
4865,414.4100000000002
4868,1203.499
4870,439.8900000000001
4885,211.33399999999995
4889,424.5340000000002
4891,312.4130000000001
4893,383.4080000000001
4894,360.4500000000001
4895,402.48700000000014
4896,440.4290000000002
4900,358.434
4906,220.316
4908,259.353
4909,218.256
4911,285.365
4913,235.331
4914,236.315
4915,221.304
4917,373.9530000000001
4920,314.4690000000001
4923,253.73700000000005
4927,284.428
4932,341.451
4934,368.4970000000001
4935,294.395
4943,178.27499999999998
4946,259.349
4976,263.384
4989,206.314
4991,181.21499999999995
4992,285.391
4993,248.717
4999,386.801
5002,383.5170000000001
5005,438.5240000000003
5029,359.4510000000002
5032,165.236
5035,473.59400000000016
5038,416.5180000000003
5039,314.41100000000006
5040,914.187
5051,634.7260000000002
5052,608.6880000000003
5064,244.2069999999999
5070,234.20199999999997
5071,179.30699999999996
5073,410.49300000000017
5076,720.9620000000002
5077,250.342
5078,269.352
5090,314.36199999999997
5095,260.381
5106,837.0580000000001
5152,415.57400000000007
5155,224.216
5161,258.229
5184,303.35799999999995
5193,238.287
5195,187.28599999999992
5203,306.236
5206,200.05299999999997
5210,279.8550000000001
5212,474.5870000000004
5214,360.16700000000003
5215,250.283
5238,149.894
5245,283.11299999999994
5248,294.457
5253,272.37
5257,392.4060000000001
5267,416.5830000000003
5291,493.61500000000024
5297,581.5800000000003
5300,265.222
5311,264.3249999999999
5314,290.404
5318,397.7579999999999
5320,214.246
5329,253.283
5333,172.20899999999995
5352,356.41800000000006
5358,295.408
5359,260.31399999999996
5372,804.0310000000002
5376,371.52400000000006
5379,375.40000000000015
5381,351.4710000000002
5391,300.745
5394,194.15399999999997
5396,656.6620000000005
5401,387.44000000000017
5402,291.438
5403,225.288
5404,532.4720000000002
5407,300.39799999999997
5408,288.43100000000004
5409,400.6030000000003
5410,344.4950000000001
5411,264.36899999999997
5419,200.2849999999999
5426,258.233
5430,201.254
5452,370.5870000000001
5453,189.22399999999996
5454,443.6380000000002
5466,375.559
5468,260.31399999999996
5470,312.453
5472,263.793
5478,316.4270000000001
5479,247.276
5483,163.198
5486,440.6060000000004
5487,253.718
5496,467.52000000000027
5503,311.40700000000015
5505,270.354
5508,256.281
5512,325.496
5514,339.36600000000004
5515,421.45300000000015
5516,405.9690000000001
5523,263.381
5524,215.3
5525,430.5450000000003
5526,157.21300000000002
5530,133.19399999999996
5533,371.87200000000007
5538,300.44200000000006
5544,394.4390000000001
5546,253.26899999999995
5556,343.217
5564,289.54499999999996
5565,146.238
5566,407.5050000000001
5572,301.47399999999993
5576,143.14199999999997
5577,388.46400000000017
5578,290.32300000000004
5582,370.43300000000016
5584,294.44199999999995
5591,441.54900000000015
5593,284.359
5595,284.35900000000004
5596,392.519
5625,456.5720000000001
5636,382.54100000000017
5645,392.58000000000015
5647,324.34100000000007
5650,435.5280000000002
5651,1449.2710000000004
5656,277.40799999999996
5665,129.159
5672,778.9470000000002
5717,575.6870000000001
5718,211.221
5719,305.34100000000007
5721,332.3130000000001
5726,267.245
5727,136.296
5731,287.363
5732,307.39700000000005
5734,212.22999999999996
5735,388.81500000000005
5746,334.33200000000005
5771,1007.2069999999992
5775,281.359
5877,416.51400000000024
5878,306.446
5939,101.11300000000004
5978,824.9720000000002
6018,317.4290000000001
6049,292.24399999999997
6058,77.152
6116,158.166
6238,330.4680000000001
6256,296.201
6432,188.01699999999997
6436,434.50400000000013
6451,698.0210000000002
6468,243.39399999999995
6476,203.241
6503,121.136
6726,266.38800000000003
7012,164.20399999999995
7029,205.301
7187,242.23
7638,200.237
7699,603.7500000000003
8197,189.307
8230,1084.2529999999992
8612,270.76
8982,414.4830000000002
9034,262.30899999999997
9354,182.222
9433,420.4340000000002
9904,274.404
10100,339.47900000000016
10340,105.988
10413,104.105
10547,383.232
10631,344.4950000000001
10660,469.9730000000002
11125,73.89
11973,596.2980000000003
12453,473.8970000000002
12460,191.27400000000003
12536,416.51400000000024
12555,309.413
12559,1018.421
12597,146.142
12620,326.60900000000004
13314,335.19000000000005
13342,810.9890000000001
14789,233.54699999999997
14888,197.841
14917,20.006
15232,909.1439999999998
15459,221.25599999999997
16124,176.001
16230,266.0919999999999
16362,461.55600000000015
16533,476.5850000000002
16850,332.31100000000004
16886,228.20799999999997
17358,146.055
18140,440.4110000000002
19090,342.47900000000016
20585,284.34000000000003
20969,410.9130000000001
21800,504.5950000000003
21945,319.36500000000007
22258,299.37000000000006
22318,390.078
22502,588.7270000000002
23703,436.5740000000002
23897,276.37999999999994
23925,55.845
23926,138.906
23951,150.36
23954,107.868
23957,98.0
23976,51.996
23978,63.546
23982,157.25
23993,88.906
23994,65.39
24087,143.094
24414,233.391
24424,161.45299999999995
24450,174.17399999999998
24642,239.836
24706,608.8630000000003
24748,240.208
24841,127.912
25419,244.891
25959,211.953
27304,191.99999999999997
27400,295.4510000000001
27661,191.139
27991,1069.2379999999994
27993,348.42000000000013
28332,547.7170000000003
28486,6.941
29089,897.7680000000007
30623,268.27299999999997
31072,186.236
31264,132.159
31378,380.4560000000001
31477,309.406
32169,320.84200000000004
32281,362.3900000000002
32603,504.97000000000014
32797,410.91300000000007
32800,1143.2900000000004
34312,252.273
36339,244.294
36523,1182.3110000000004
36811,301.38599999999997
37392,536.8930000000001
37720,602.5010000000003
38904,373.266
39042,361.8250000000001
39507,370.5330000000001
39524,234.29499999999996
39764,637.7440000000004
39860,372.54900000000015
40159,391.294
40632,185.226
40703,591.4250000000002
40973,310.48100000000005
40976,324.46400000000006
41317,326.4360000000001
41684,307.28700000000003
41693,386.5610000000001
41744,723.6500000000005
41774,645.6080000000004
41781,348.42800000000005
42113,168.03599999999997
42395,446.5840000000003
42615,1239.4470000000006
42955,382.54100000000017
44563,432.77300000000025
44564,311.63700000000006
45469,307.90100000000007
47319,929.1609999999998
47320,1243.501
47419,510.4810000000003
47471,474.797
47528,211.1769999999999
47640,323.867
47725,1269.4330000000004
50294,371.34500000000014
50614,575.6320000000002
51263,416.5260000000002
51577,207.226
51634,219.281
52421,488.57700000000034
54158,387.23
54313,360.4940000000001
54331,259.19499999999994
54373,1139.364999999999
54454,418.5740000000003
54547,427.4640000000001
54688,747.9640000000002
54786,390.5200000000001
54808,466.9580000000002
54840,291.82199999999995
54949,563.5640000000004
55331,470.5220000000002
55466,938.005
55480,282.81500000000005
56338,406.242
56959,427.5450000000002
57166,1179.3849999999993
57469,240.31
57537,315.48199999999997
57697,228.21500000000003
59708,170.212
59768,295.379
60146,444.9810000000001
60164,412.5290000000003
60172,273.18899999999996
60183,441.6130000000003
60184,368.47400000000016
60198,296.40999999999997
60490,236.29599999999996
60496,567.0600000000005
60612,200.285
60613,279.18899999999996
60668,668.5410000000006
60695,609.6900000000004
60706,437.5150000000002
60714,558.6900000000002
60726,334.1690000000001
60751,680.7640000000002
60752,885.2440000000004
60754,591.6760000000004
60787,670.8550000000001
60795,448.3940000000001
60814,412.91400000000016
60830,472.426
60834,333.88399999999996
60843,427.4170000000002
60852,319.23100000000005
60853,467.4220000000002
60860,275.093
60864,373.88000000000005
60867,280.29100000000005
60871,501.47700000000026
60877,247.251
60878,520.6290000000002
60936,362.5750000000001
60953,359.35400000000004
61475,248.186
61799,130.099
62305,520.5640000000002
62358,107.109
62816,281.832
62819,980.1809999999996
62924,444.5150000000001
62956,435.50100000000015
62959,416.3590000000001
62965,464.98600000000016
63001,396.44300000000015
64147,354.3670000000001
64778,383.47000000000014
64929,318.756
64987,287.21599999999995
65014,794.4840000000006
65157,456.7110000000003
65281,1422.72
65370,563.6050000000004
65628,358.2690000000001
65840,174.63099999999997
65856,313.39699999999993
65863,437.779
65866,611.7390000000001
65999,514.6290000000002
68613,994.2079999999992
68740,272.09
68844,383.5170000000002
69512,366.753
71158,181.213
71273,274.408
71301,405.4410000000001
71316,1029.2779999999996
71329,441.5750000000001
71348,1156.399
71360,426.4880000000001
71362,1364.6000000000006
71406,574.8430000000003
71436,475.6230000000002
71469,1092.2330000000006
71616,349.31600000000003
72022,340.42
72054,426.56000000000034
72081,1227.395
72111,785.8909999999998
72466,1512.6470000000006
72938,389.3870000000001
73303,420.51300000000015
73658,812.0179999999997
74989,366.8440000000001
77992,243.31
77993,382.52900000000005
77996,416.6460000000002
77997,391.4750000000001
77998,473.5070000000001
78032,444.59700000000015
82146,348.4860000000002
82148,243.306
83030,339.35900000000004
83513,139.344
83606,89.63600000000001
84003,376.40900000000016
91488,412.4290000000001
93860,384.2450000000001
96312,297.2710000000001
102258,550.3700000000003
102399,504.4380000000001
104741,606.7820000000008
104758,458.4960000000002
104778,423.4220000000002
104799,315.6940000000001
104849,500.2569999999999
104865,551.6250000000002
105145,69.723
107694,713.3550000000001
107969,343.939
107994,410.4700000000002
110634,488.6140000000004
110635,389.4110000000001
114709,254.289
115237,426.4920000000002
115355,329.23
119182,303.68100000000004
119212,465.5720000000001
119607,314.3660000000001
119828,370.43000000000006
119830,519.4480000000003
121396,190.155
121749,431.151
121892,303.337
122197,431.28899999999993
122316,171.243
123015,238.29
123597,500.55400000000014
123606,335.4730000000002
123610,831.9789999999996
123611,1728.0930000000014
123619,358.8500000000001
123620,427.3680000000001
123623,1213.4350000000004
123631,446.9100000000004
123634,901.238
123809,454.4360000000002
124087,310.828
125017,263.3809999999999
125889,159.22899999999998
127909,415.5740000000001
128549,402.49100000000016
129228,238.19699999999995
129806,481.54600000000016
130564,713.1370000000001
130881,558.5950000000004
131535,623.6780000000002
132804,421.4680000000001
132971,349.51800000000003
132999,468.59400000000034
134018,316.38200000000006
134019,325.37200000000007
134780,273.248
135113,192.25799999999995
145068,30.006
147740,662.9110000000003
147912,700.7910000000003
148121,477.4810000000003
148127,378.8990000000002
148191,1030.303
148192,704.8690000000001
148211,296.41400000000004
150310,414.4980000000003
150311,409.4320000000001
150610,475.5230000000002
151075,254.28899999999996
151165,534.4320000000002
151171,498.5860000000002
152945,528.5370000000001
153941,277.284
153994,456.3220000000001
154058,398.934
154256,530.6650000000005
156326,285.774
156418,393.87999999999994
157429,547.5750000000003
157688,816.9430000000001
157920,390.4670000000001
157921,181.619
158781,446.5110000000002
158786,513.5250000000003
159247,186.082
160036,757.3280000000004
160051,618.2630000000005
160352,496.50600000000026
163296,646.6390000000001
166548,1140.254
168625,184.216
168924,457.836
170361,211.26799999999997
171558,563.8370000000002
176870,393.4430000000002
179344,296.3260000000001
185457,367.3830000000001
192155,606.1560000000004
193962,435.28500000000014
197281,1058.1559999999995
197712,378.4280000000001
206527,407.4880000000003
208898,556.7690000000003
208902,259.349
208908,581.0690000000003
208920,620.8740000000003
213023,627.7460000000002
213039,547.6740000000003
213046,492.6890000000003
214339,354.28700000000003
216209,551.7690000000002
216210,471.5210000000002
216235,454.91300000000024
216237,448.9500000000003
216239,464.8310000000002
216258,1749.8470000000004
216326,259.265
216416,413.56100000000015
219024,390.3600000000001
219078,250.298
219084,681.7530000000004
219090,614.4110000000002
222786,360.4500000000001
315411,182.147
358641,543.6060000000002
441332,368.5140000000001
441382,665.7330000000003
443379,348.39900000000006
444006,620.7350000000001
444013,661.7670000000004
444033,540.6970000000002
449193,403.212
455658,651.9520000000003
477468,1270.2910000000004
483407,513.6770000000002
489129,348.3970000000002
517045,82.034
644241,529.5260000000002
656628,495.54200000000014
656892,555.5160000000002
657298,170.237
667490,152.18200000000002
1349907,114.173
2723601,167.197
2761171,166.24899999999997
3006171,366.4280000000001
3010818,679.8629999999999
3038497,332.24399999999997
3052762,367.8770000000002
3055172,810.4660000000001
3062316,488.01700000000034
3080904,560.7750000000004
3081276,916.1529999999996
3081361,475.3620000000001
3081362,1755.6580000000006
3081884,623.6570000000005
3085017,149.62099999999998
3086257,605.6910000000004
3086685,386.48
3086686,398.48200000000014
3325225,291.19599999999997
4369359,407.3180000000001
4474778,102.08899999999998
4479094,412.6580000000002
4479097,1347.3849999999993
4517618,70.003
4630253,408.92200000000014
4659568,305.2900000000001
4659569,273.244
5001396,307.32500000000005
5251896,303.406
5273759,515.6000000000003
5277135,447.8900000000001
5281007,182.187
5310993,154.125
5311167,428.90300000000013
5327147,1221.4729999999995
5328940,530.4560000000001
5353894,137.16199999999998
5353980,398.40000000000015
5359596,74.922
5360237,742.6800000000006
5361912,847.0190000000005
5361917,436.3460000000001
5362070,357.3220000000001
5362420,718.807
5381226,822.9529999999996
5462337,302.242
5464096,388.4640000000001
5479141,1237.5180000000005
5487068,936.9930000000004
5487301,301.39400000000006
5488383,340.232
5488547,460.57100000000025
5493381,373.3680000000001
6102852,604.7150000000001
6323497,877.0449999999994
6326970,78.96
6328144,226.0
6328526,508.16700000000014
6331630,729.9080000000001
6333887,997.6500000000002
6398970,395.42200000000014
6433082,251.75399999999996
6433091,221.34399999999997
6433101,452.5380000000001
6433117,392.49900000000014
6433119,435.8890000000001
6435110,1736.184999999999
6437075,583.5970000000004
6440191,1058.052
6442177,958.24
6445540,506.70900000000023
6452749,800.0770000000001
6453361,546.146707
6477186,534.4910000000003
6850789,501.98400000000015
6850791,1269.4730000000004
6918182,513.493
6918313,477.99600000000027
6918366,1004.8410000000003
6918430,534.5800000000003
6918456,373.4490000000001
6918462,517.7760000000004
6918558,411.5860000000001
6918638,318.35400000000004
6918670,430.5410000000002
9794842,245.32199999999995
9800339,386.4480000000001
9810131,684.7000000000003
9811221,835.9440000000003
9812414,595.4880000000003
9815559,197.278
9818231,312.3770000000001
9825285,456.4580000000002
9831414,687.062
9831761,726.2850000000002
9831783,728.7120000000002
9846180,442.47500000000025
9853053,693.7320000000003
9854489,538.5840000000003
9865528,396.51600000000013
9869929,483.96000000000026
9871419,522.5780000000003
9887712,408.878
9898619,1357.7170000000008
9912092,460.5080000000002
9924495,349.39300000000003
9930048,385.9320000000001
9940864,856.3400000000001
9941444,1047.227
9966051,298.4550000000001
10028615,492.59100000000024
10096344,472.5530000000002
10107393,274.32
10113978,437.52900000000017
10163178,485.94700000000023
10178705,393.8460000000002
10182969,459.5060000000003
10324367,519.6870000000005
10465263,195.693
10482134,530.6610000000004
11001318,308.12
11020241,214.186
11163584,339.39900000000017
11167602,482.8210000000001
11228026,484.66300000000024
11234049,370.34400000000016
11235728,429.4390000000001
11238823,568.5420000000004
11254352,274.99
11304743,422.4240000000002
11499245,151.93299999999996
11501341,358.4439380000002
11505907,736.8470000000005
11519069,508.5000000000002
11531537,404.55100000000016
11556711,719.924
11593706,211.645
11597571,450.3450000000002
11597697,455.5990000000001
11672461,957.8680000000004
11707110,615.403
11722286,1477.9629999999986
11947681,215.941
11949646,450.9150000000001
13559279,433.59200000000016
15951529,464.4440000000002
16004692,588.2820000000002
16065945,749.956
16126651,440.5070000000002
16129629,1620.693000000001
16129632,1793.1250000000005
16129701,1879.6800000000012
16130957,1570.35
16131215,1416.0889999999995
16136245,1632.2890000000002
16158207,1586.8190000000009
16213095,580.5770000000005
16220172,392.4990000000002
17754772,306.37300000000005
19371515,307.39700000000005
23668479,482.51300000000015
23689036,185.8922547
23690938,353.33500000000004
24762228,699.944
24776445,421.30500000000006
24812758,444.52400000000017
24822371,359.4319380000002
24826799,532.5700000000003
24838347,196.586
24846132,736.7140000000005
24950485,776.0420000000001
24965990,450.9300000000002
25074470,1311.4730000000006
25074886,1545.0859999999998
25077405,1322.4960000000003
25077993,1323.5280000000005
25094462,529.4580000000002
25102847,501.51400000000024
25880656,443.4320000000002
25880664,443.4320000000002
26275995,456.47500000000025
40468184,352.32200000000006
42611257,489.9310000000001
44134877,958.94
44462760,519.5740000000002
44564722,503.5590000000004
44567678,1816.7160000000008
46181941,1313.4330000000004
46216142,441.3660000000001
51508717,336.374
51601240,464.8580000000001
53477714,637.5250000000004
53627505,57.072
54677977,270.21
54681041,585.6580000000001
54682541,1025.8860000000002
54687131,602.6410000000002
56603655,541.5790000000004
56842239,909.3899999999998
70683024,730.6740000000002
70695640,331.93100000000004
71306834,746.5520000000001
